{
    "manifest_version": 3,
    "permissions": [
        "storage",
        "downloads"
    ],
    "background": {
        "service_worker": "background/service_worker.js"
    },
    "host_permissions": [
        "https://awbw.amarriner.com/*"
    ],
    "web_accessible_resources": [
        {
            "matches": ["https://awbw.amarriner.com/*"],
            "resources": [
                "/res/axios_throttler.js",
                "/res/playersinfo_patcher.js",
                "/res/savestate_injector.js",
                "/res/unitsinfo_patcher.js"
            ]
        }
    ]
}
